<application>
  <component name="DimensionService">
    <size key="GridCell.Tab.0.left.0.0.2560.1440" width="1198" height="424" />
    <size key="GridCell.Tab.0.center.0.0.2560.1440" width="1198" height="424" />
    <size key="GridCell.Tab.0.right.0.0.2560.1440" width="1198" height="424" />
    <size key="GridCell.Tab.0.bottom.0.0.2560.1440" width="1198" height="424" />
    <size key="GridCell.Tab.1.left.0.0.2560.1440" width="1198" height="424" />
    <size key="GridCell.Tab.1.center.0.0.2560.1440" width="1198" height="424" />
    <size key="GridCell.Tab.1.right.0.0.2560.1440" width="1198" height="424" />
    <size key="GridCell.Tab.1.bottom.0.0.2560.1440" width="1198" height="424" />
  </component>
  <component name="WindowManager">
    <frame x="580" y="232" width="1400" height="1000" />
  </component>
  <component name="WindowStateApplicationService">
    <state x="1279" y="616" width="997" height="716" key="WELCOME_SCREEN" timestamp="1745108516098">
      <screen x="0" y="25" width="2560" height="1415" />
    </state>
    <state x="1279" y="616" width="997" height="716" key="WELCOME_SCREEN/0.25.2560.1415" timestamp="1745108516098" />
    <state x="1028" y="580" width="800" height="650" key="WELCOME_SCREEN/0.44.2056.1285" timestamp="1744859848891" />
  </component>
</application>